<node>
  <homeId>0xf2d860e8</homeId>
  <nodeId>4</nodeId>
  <version>4</version>
  <manufacturer>0x260</manufacturer>
  <deviceId>0x1000</deviceId>
  <deviceType>0x8006</deviceType>
  <listening>true</listening>
  <frequentlyListening>false</frequentlyListening>
  <routing>true</routing>
  <security>false</security>
  <beaming>true</beaming>
  <maxBaudRate>40000</maxBaudRate>
  <sleepDelay>1000</sleepDelay>
  <nodeInformationFrame>
    <commandClass>COMMAND_CLASS_ZWAVEPLUS_INFO</commandClass>
    <commandClass>COMMAND_CLASS_SWITCH_BINARY</commandClass>
    <commandClass>COMMAND_CLASS_ASSOCIATION</commandClass>
    <commandClass>COMMAND_CLASS_MULTI_CHANNEL_ASSOCIATION</commandClass>
    <commandClass>COMMAND_CLASS_ASSOCIATION_GRP_INFO</commandClass>
    <commandClass>COMMAND_CLASS_TRANSPORT_SERVICE</commandClass>
    <commandClass>COMMAND_CLASS_VERSION</commandClass>
    <commandClass>COMMAND_CLASS_MANUFACTURER_SPECIFIC</commandClass>
    <commandClass>COMMAND_CLASS_DEVICE_RESET_LOCALLY</commandClass>
    <commandClass>COMMAND_CLASS_POWERLEVEL</commandClass>
    <commandClass>COMMAND_CLASS_METER</commandClass>
    <commandClass>COMMAND_CLASS_SECURITY_2</commandClass>
    <commandClass>COMMAND_CLASS_SUPERVISION</commandClass>
  </nodeInformationFrame>
  <associationGroups class="concurrent-hash-map">
    <entry>
      <int>1</int>
      <associationGroup>
        <index>1</index>
        <maxNodes>0</maxNodes>
        <name>Lifeline</name>
        <profile1>0x0</profile1>
        <profile2>0x1</profile2>
        <commands>
          <commandClass>COMMAND_CLASS_SWITCH_BINARY</commandClass>
          <commandClass>COMMAND_CLASS_METER</commandClass>
          <commandClass>COMMAND_CLASS_DEVICE_RESET_LOCALLY</commandClass>
        </commands>
        <associations>
          <associationMember>
            <node>1</node>
          </associationMember>
        </associations>
      </associationGroup>
    </entry>
  </associationGroups>
  <endpoints class="concurrent-hash-map">
    <entry>
      <int>0</int>
      <endPoint>
        <deviceClass>
          <basicDeviceClass>BASIC_TYPE_ROUTING_SLAVE</basicDeviceClass>
          <genericDeviceClass>GENERIC_TYPE_SWITCH_BINARY</genericDeviceClass>
          <specificDeviceClass>SPECIFIC_TYPE_POWER_SWITCH_BINARY</specificDeviceClass>
        </deviceClass>
        <endpointId>0</endpointId>
        <secureCommandClasses/>
        <supportedCommandClasses class="concurrent-hash-map">
          <entry>
            <commandClass>COMMAND_CLASS_ZWAVEPLUS_INFO</commandClass>
            <COMMAND__CLASS__ZWAVEPLUS__INFO>
              <version>1</version>
              <instances>1</instances>
              <control>false</control>
              <versionSupported>2</versionSupported>
              <zwPlusVersion>1</zwPlusVersion>
              <zwPlusRole>ROLE_TYPE_SLAVE_ALWAYS_ON</zwPlusRole>
              <zwPlusNodeType>NODE_TYPE_ZWAVEPLUS_NODE</zwPlusNodeType>
              <isGetSupported>true</isGetSupported>
            </COMMAND__CLASS__ZWAVEPLUS__INFO>
          </entry>
          <entry>
            <commandClass>COMMAND_CLASS_MULTI_CHANNEL_ASSOCIATION</commandClass>
            <COMMAND__CLASS__MULTI__CHANNEL__ASSOCIATION>
              <version>3</version>
              <instances>1</instances>
              <control>false</control>
              <versionSupported>3</versionSupported>
              <maxGroups>1</maxGroups>
            </COMMAND__CLASS__MULTI__CHANNEL__ASSOCIATION>
          </entry>
          <entry>
            <commandClass>COMMAND_CLASS_MANUFACTURER_SPECIFIC</commandClass>
            <COMMAND__CLASS__MANUFACTURER__SPECIFIC>
              <version>1</version>
              <instances>1</instances>
              <control>false</control>
              <versionSupported>2</versionSupported>
              <initSerialNumber>false</initSerialNumber>
              <deviceManufacturer>608</deviceManufacturer>
              <deviceType>32774</deviceType>
              <deviceId>4096</deviceId>
            </COMMAND__CLASS__MANUFACTURER__SPECIFIC>
          </entry>
          <entry>
            <commandClass>COMMAND_CLASS_BASIC</commandClass>
            <COMMAND__CLASS__BASIC>
              <version>1</version>
              <instances>1</instances>
              <control>false</control>
              <versionSupported>2</versionSupported>
              <isGetSupported>true</isGetSupported>
            </COMMAND__CLASS__BASIC>
          </entry>
          <entry>
            <commandClass>COMMAND_CLASS_POWERLEVEL</commandClass>
            <COMMAND__CLASS__POWERLEVEL>
              <version>1</version>
              <instances>1</instances>
              <control>false</control>
              <versionSupported>1</versionSupported>
              <powerLevel>0</powerLevel>
              <powerTimeout>0</powerTimeout>
            </COMMAND__CLASS__POWERLEVEL>
          </entry>
          <entry>
            <commandClass>COMMAND_CLASS_SWITCH_BINARY</commandClass>
            <COMMAND__CLASS__SWITCH__BINARY>
              <version>1</version>
              <instances>1</instances>
              <control>false</control>
              <versionSupported>1</versionSupported>
              <isGetSupported>true</isGetSupported>
            </COMMAND__CLASS__SWITCH__BINARY>
          </entry>
          <entry>
            <commandClass>COMMAND_CLASS_NO_OPERATION</commandClass>
            <COMMAND__CLASS__NO__OPERATION>
              <version>1</version>
              <instances>1</instances>
              <control>false</control>
              <versionSupported>1</versionSupported>
            </COMMAND__CLASS__NO__OPERATION>
          </entry>
          <entry>
            <commandClass>COMMAND_CLASS_VERSION</commandClass>
            <COMMAND__CLASS__VERSION>
              <version>2</version>
              <instances>1</instances>
              <control>false</control>
              <versionSupported>3</versionSupported>
              <libraryType>LIB_SLAVE_ROUTING</libraryType>
              <protocolVersion>5.3</protocolVersion>
              <applicationVersion>3.1</applicationVersion>
              <hardwareVersion>255</hardwareVersion>
            </COMMAND__CLASS__VERSION>
          </entry>
          <entry>
            <commandClass>COMMAND_CLASS_METER</commandClass>
            <COMMAND__CLASS__METER>
              <version>3</version>
              <instances>1</instances>
              <control>false</control>
              <versionSupported>4</versionSupported>
              <meterType>ELECTRIC</meterType>
              <meterScales>
                <meterScale>E_W</meterScale>
                <meterScale>E_KWh</meterScale>
              </meterScales>
              <canReset>true</canReset>
              <isGetSupported>true</isGetSupported>
              <isSupportRequestSupported>true</isSupportRequestSupported>
            </COMMAND__CLASS__METER>
          </entry>
          <entry>
            <commandClass>COMMAND_CLASS_ASSOCIATION</commandClass>
            <COMMAND__CLASS__ASSOCIATION>
              <version>2</version>
              <instances>1</instances>
              <control>false</control>
              <versionSupported>2</versionSupported>
              <maxGroups>1</maxGroups>
            </COMMAND__CLASS__ASSOCIATION>
          </entry>
          <entry>
            <commandClass>COMMAND_CLASS_ASSOCIATION_GRP_INFO</commandClass>
            <COMMAND__CLASS__ASSOCIATION__GRP__INFO>
              <version>1</version>
              <instances>1</instances>
              <control>false</control>
              <versionSupported>1</versionSupported>
              <autoSubscribeGroups>
                <int>1</int>
              </autoSubscribeGroups>
            </COMMAND__CLASS__ASSOCIATION__GRP__INFO>
          </entry>
          <entry>
            <commandClass>COMMAND_CLASS_DEVICE_RESET_LOCALLY</commandClass>
            <COMMAND__CLASS__DEVICE__RESET__LOCALLY>
              <version>1</version>
              <instances>1</instances>
              <control>false</control>
              <versionSupported>1</versionSupported>
            </COMMAND__CLASS__DEVICE__RESET__LOCALLY>
          </entry>
        </supportedCommandClasses>
      </endPoint>
    </entry>
  </endpoints>
  <nodeNeighbors>
    <int>1</int>
    <int>5</int>
    <int>6</int>
  </nodeNeighbors>
  <lastReceived>2021-10-22 00:27:53.362 UTC</lastReceived>
</node>