{
  "31ACTIVEIMPORTKWH_ValueasNumber": {
    "class": "org.openhab.core.items.ManagedItemProvider$PersistedItem",
    "value": {
      "groupNames": [],
      "itemType": "Number",
      "tags": [
        "Point"
      ],
      "label": "31_ACTIVE_IMPORT_KWH",
      "category": ""
    }
  },
  "ZWaveNode006MotionSensor_BatteryLevel": {
    "class": "org.openhab.core.items.ManagedItemProvider$PersistedItem",
    "value": {
      "groupNames": [],
      "itemType": "Number",
      "tags": [
        "Point"
      ],
      "label": "06-Battery Level",
      "category": "Battery"
    }
  },
  "01VOLTAGEL1N_ValueasNumber": {
    "class": "org.openhab.core.items.ManagedItemProvider$PersistedItem",
    "value": {
      "groupNames": [],
      "itemType": "Number",
      "tags": [
        "Point"
      ],
      "label": "01_VOLTAGE_L1_N",
      "category": ""
    }
  },
  "ZWaveNode006MotionSensor_Alarmgeneral": {
    "class": "org.openhab.core.items.ManagedItemProvider$PersistedItem",
    "value": {
      "groupNames": [],
      "itemType": "Switch",
      "tags": [
        "Point"
      ],
      "label": "06-Alarm (general)",
      "category": "Alarm"
    }
  },
  "10FREQUENCY_ValueasNumber": {
    "class": "org.openhab.core.items.ManagedItemProvider$PersistedItem",
    "value": {
      "groupNames": [],
      "itemType": "Number",
      "tags": [
        "Point"
      ],
      "label": "10_FREQUENCY",
      "category": ""
    }
  },
  "ZWaveNode006MotionSensor_BinarySensor": {
    "class": "org.openhab.core.items.ManagedItemProvider$PersistedItem",
    "value": {
      "groupNames": [],
      "itemType": "Switch",
      "tags": [
        "Point"
      ],
      "label": "06-Binary Sensor",
      "category": ""
    }
  },
  "28ACTIVEPOWERL1_ValueasNumber": {
    "class": "org.openhab.core.items.ManagedItemProvider$PersistedItem",
    "value": {
      "groupNames": [],
      "itemType": "Number",
      "tags": [
        "Point"
      ],
      "label": "28_ACTIVE_POWER_L1",
      "category": ""
    }
  },
  "29VOLTAGEL1N_ValueasNumber": {
    "class": "org.openhab.core.items.ManagedItemProvider$PersistedItem",
    "value": {
      "groupNames": [],
      "itemType": "Number",
      "tags": [
        "Point"
      ],
      "label": "29_VOLTAGE_L1_N",
      "category": ""
    }
  },
  "31APARENTIMPORTKVAH_ValueasNumber": {
    "class": "org.openhab.core.items.ManagedItemProvider$PersistedItem",
    "value": {
      "groupNames": [],
      "itemType": "Number",
      "tags": [
        "Point"
      ],
      "label": "31_APARENT_IMPORT_KVAH",
      "category": ""
    }
  },
  "30VOLTAGEL1N_ValueasNumber": {
    "class": "org.openhab.core.items.ManagedItemProvider$PersistedItem",
    "value": {
      "groupNames": [],
      "itemType": "Number",
      "tags": [
        "Voltage",
        "Point"
      ],
      "label": "30_VOLTAGE_L1_N",
      "category": "energy"
    }
  },
  "10APARENTIMPORTKVAH_ValueasNumber": {
    "class": "org.openhab.core.items.ManagedItemProvider$PersistedItem",
    "value": {
      "groupNames": [],
      "itemType": "Number",
      "tags": [
        "Point"
      ],
      "label": "10_APARENT_IMPORT_KVAH",
      "category": ""
    }
  },
  "31REACTIVEIMPORTKVARH_ValueasNumber": {
    "class": "org.openhab.core.items.ManagedItemProvider$PersistedItem",
    "value": {
      "groupNames": [],
      "itemType": "Number",
      "tags": [
        "Point"
      ],
      "label": "31_REACTIVE_IMPORT_KVARH",
      "category": ""
    }
  },
  "26ACTIVEPOWERL1_ValueasNumber": {
    "class": "org.openhab.core.items.ManagedItemProvider$PersistedItem",
    "value": {
      "groupNames": [],
      "itemType": "Number",
      "tags": [
        "Point"
      ],
      "label": "26_ACTIVE_POWER_L1",
      "category": ""
    }
  },
  "30REACTIVEIMPORTKVARH_ValueasNumber": {
    "class": "org.openhab.core.items.ManagedItemProvider$PersistedItem",
    "value": {
      "groupNames": [],
      "itemType": "Number",
      "tags": [
        "Point"
      ],
      "label": "30_REACTIVE_IMPORT_KVARH",
      "category": ""
    }
  },
  "27FREQUENCY_ValueasNumber": {
    "class": "org.openhab.core.items.ManagedItemProvider$PersistedItem",
    "value": {
      "groupNames": [],
      "itemType": "Number",
      "tags": [
        "Point"
      ],
      "label": "27_FREQUENCY",
      "category": ""
    }
  },
  "13APARENTIMPORTKVAH_ValueasNumber": {
    "class": "org.openhab.core.items.ManagedItemProvider$PersistedItem",
    "value": {
      "groupNames": [],
      "itemType": "Number",
      "tags": [
        "Point"
      ],
      "label": "13_APARENT_IMPORT_KVAH",
      "category": ""
    }
  },
  "25VOLTAGEL2N_ValueasNumber": {
    "class": "org.openhab.core.items.ManagedItemProvider$PersistedItem",
    "value": {
      "groupNames": [],
      "itemType": "Number",
      "tags": [
        "Point"
      ],
      "label": "25_VOLTAGE_L2_N",
      "category": ""
    }
  },
  "13VOLTAGEL1N_ValueasNumber": {
    "class": "org.openhab.core.items.ManagedItemProvider$PersistedItem",
    "value": {
      "groupNames": [],
      "itemType": "Number",
      "tags": [
        "Point"
      ],
      "label": "13_VOLTAGE_L1_N",
      "category": ""
    }
  },
  "28REACTIVEIMPORTKVARH_ValueasNumber": {
    "class": "org.openhab.core.items.ManagedItemProvider$PersistedItem",
    "value": {
      "groupNames": [],
      "itemType": "Number",
      "tags": [
        "Point"
      ],
      "label": "28_REACTIVE_IMPORT_KVARH",
      "category": ""
    }
  },
  "SinglePhaseMeter_ACTotalCurrentValue": {
    "class": "org.openhab.core.items.ManagedItemProvider$PersistedItem",
    "value": {
      "groupNames": [],
      "itemType": "Number:ElectricCurrent",
      "tags": [
        "Voltage",
        "Point"
      ],
      "label": "AC Total Current Value",
      "category": ""
    }
  },
  "31VOLTAGEL2N_ValueasNumber": {
    "class": "org.openhab.core.items.ManagedItemProvider$PersistedItem",
    "value": {
      "groupNames": [],
      "itemType": "Number",
      "tags": [
        "Point"
      ],
      "label": "31_VOLTAGE_L2_N",
      "category": ""
    }
  },
  "27ACTIVENETL1_ValueasNumber": {
    "class": "org.openhab.core.items.ManagedItemProvider$PersistedItem",
    "value": {
      "groupNames": [],
      "itemType": "Number",
      "tags": [
        "Point"
      ],
      "label": "27_ACTIVE_NET_L1",
      "category": ""
    }
  },
  "26VOLTAGEL2N_ValueasNumber": {
    "class": "org.openhab.core.items.ManagedItemProvider$PersistedItem",
    "value": {
      "groupNames": [],
      "itemType": "Number",
      "tags": [
        "Point"
      ],
      "label": "26_VOLTAGE_L2_N",
      "category": ""
    }
  },
  "13VOLTAGEL2N_ValueasNumber": {
    "class": "org.openhab.core.items.ManagedItemProvider$PersistedItem",
    "value": {
      "groupNames": [],
      "itemType": "Number",
      "tags": [
        "Point"
      ],
      "label": "13_VOLTAGE_L2_N",
      "category": ""
    }
  },
  "01ACTIVEIMPORTKWH_ValueasNumber": {
    "class": "org.openhab.core.items.ManagedItemProvider$PersistedItem",
    "value": {
      "groupNames": [],
      "itemType": "Number",
      "tags": [
        "Point"
      ],
      "label": "25_ACTIVE_IMPORT_KWH",
      "category": ""
    }
  },
  "26ACTIVENETL1_ValueasNumber": {
    "class": "org.openhab.core.items.ManagedItemProvider$PersistedItem",
    "value": {
      "groupNames": [],
      "itemType": "Number",
      "tags": [
        "Point"
      ],
      "label": "26_ACTIVE_NET_L1",
      "category": ""
    }
  },
  "28VOLTAGEL1N_ValueasNumber": {
    "class": "org.openhab.core.items.ManagedItemProvider$PersistedItem",
    "value": {
      "groupNames": [],
      "itemType": "Number",
      "tags": [
        "Point"
      ],
      "label": "28_VOLTAGE_L1_N",
      "category": ""
    }
  },
  "10REACTIVEIMPORTKVARH_ValueasNumber": {
    "class": "org.openhab.core.items.ManagedItemProvider$PersistedItem",
    "value": {
      "groupNames": [],
      "itemType": "Number",
      "tags": [
        "Point"
      ],
      "label": "10_REACTIVE_IMPORT_KVARH",
      "category": ""
    }
  },
  "13REACTIVEIMPORTKVARH_ValueasNumber": {
    "class": "org.openhab.core.items.ManagedItemProvider$PersistedItem",
    "value": {
      "groupNames": [],
      "itemType": "Number",
      "tags": [
        "Point"
      ],
      "label": "13_REACTIVE_IMPORT_KVARH",
      "category": ""
    }
  },
  "10ACTIVENETL1_ValueasNumber": {
    "class": "org.openhab.core.items.ManagedItemProvider$PersistedItem",
    "value": {
      "groupNames": [],
      "itemType": "Number",
      "tags": [
        "Point"
      ],
      "label": "10_ACTIVE_NET_L1",
      "category": ""
    }
  },
  "SinglePhaseMeter_ACPhaseCurrentValue": {
    "class": "org.openhab.core.items.ManagedItemProvider$PersistedItem",
    "value": {
      "groupNames": [],
      "itemType": "Number:ElectricCurrent",
      "tags": [
        "Point"
      ],
      "label": "AC Phase Current Value",
      "category": ""
    }
  },
  "ZWaveSerialController_ReceivedChecksumErrors": {
    "class": "org.openhab.core.items.ManagedItemProvider$PersistedItem",
    "value": {
      "groupNames": [],
      "itemType": "Number",
      "tags": [
        "Point"
      ],
      "label": "Received Checksum Errors",
      "category": ""
    }
  },
  "28ACTIVEIMPORTKWH_ValueasNumber": {
    "class": "org.openhab.core.items.ManagedItemProvider$PersistedItem",
    "value": {
      "groupNames": [],
      "itemType": "Number",
      "tags": [
        "Point"
      ],
      "label": "28_ACTIVE_IMPORT_KWH",
      "category": ""
    }
  },
  "10VOLTAGEL2N_ValueasNumber": {
    "class": "org.openhab.core.items.ManagedItemProvider$PersistedItem",
    "value": {
      "groupNames": [],
      "itemType": "Number",
      "tags": [
        "Point"
      ],
      "label": "10_VOLTAGE_L2_N",
      "category": ""
    }
  },
  "27ACTIVEIMPORTKWH_ValueasNumber": {
    "class": "org.openhab.core.items.ManagedItemProvider$PersistedItem",
    "value": {
      "groupNames": [],
      "itemType": "Number",
      "tags": [
        "Point"
      ],
      "label": "27_ACTIVE_IMPORT_KWH",
      "category": ""
    }
  },
  "DummyItem": {
    "class": "org.openhab.core.items.ManagedItemProvider$PersistedItem",
    "value": {
      "groupNames": [],
      "itemType": "Number",
      "tags": [],
      "label": "Dummy Item",
      "category": ""
    }
  },
  "ZWaveNode006MotionSensor_Sensorseismicintensity": {
    "class": "org.openhab.core.items.ManagedItemProvider$PersistedItem",
    "value": {
      "groupNames": [],
      "itemType": "Number",
      "tags": [
        "Point"
      ],
      "label": "06-Sensor (seismic intensity)",
      "category": ""
    }
  },
  "30VOLTAGEL2N_ValueasNumber": {
    "class": "org.openhab.core.items.ManagedItemProvider$PersistedItem",
    "value": {
      "groupNames": [],
      "itemType": "Number",
      "tags": [
        "Point"
      ],
      "label": "30_VOLTAGE_L2_N",
      "category": ""
    }
  },
  "01REACTIVEIMPORTKVARH_ValueasNumber": {
    "class": "org.openhab.core.items.ManagedItemProvider$PersistedItem",
    "value": {
      "groupNames": [],
      "itemType": "Number",
      "tags": [
        "Point"
      ],
      "label": "01_REACTIVE_IMPORT_KVARH",
      "category": ""
    }
  },
  "01ACTIVEPOWERL1_ValueasNumber": {
    "class": "org.openhab.core.items.ManagedItemProvider$PersistedItem",
    "value": {
      "groupNames": [],
      "itemType": "Number",
      "tags": [
        "Point"
      ],
      "label": "01_ACTIVE_POWER_L1",
      "category": ""
    }
  },
  "29VOLTAGEL2N_ValueasNumber": {
    "class": "org.openhab.core.items.ManagedItemProvider$PersistedItem",
    "value": {
      "groupNames": [],
      "itemType": "Number",
      "tags": [
        "Point"
      ],
      "label": "29_VOLTAGE_L2_N",
      "category": ""
    }
  },
  "31VOLTAGEL1N_ValueasNumber": {
    "class": "org.openhab.core.items.ManagedItemProvider$PersistedItem",
    "value": {
      "groupNames": [],
      "itemType": "Number",
      "tags": [
        "Point"
      ],
      "label": "31_VOLTAGE_L1_N",
      "category": ""
    }
  },
  "04FREQUENCY_ValueasNumber": {
    "class": "org.openhab.core.items.ManagedItemProvider$PersistedItem",
    "value": {
      "groupNames": [],
      "itemType": "Number",
      "tags": [
        "Point"
      ],
      "label": "04_FREQUENCY",
      "category": ""
    }
  },
  "30APARENTIMPORTKVAH_ValueasNumber": {
    "class": "org.openhab.core.items.ManagedItemProvider$PersistedItem",
    "value": {
      "groupNames": [],
      "itemType": "Number",
      "tags": [
        "Point"
      ],
      "label": "30_APARENT_IMPORT_KVAH",
      "category": ""
    }
  },
  "30ACTIVEPOWERL1_ValueasNumber": {
    "class": "org.openhab.core.items.ManagedItemProvider$PersistedItem",
    "value": {
      "groupNames": [],
      "itemType": "Number",
      "tags": [
        "Point"
      ],
      "label": "30_ACTIVE_POWER_L1",
      "category": ""
    }
  },
  "ZWaveSerialController_StartFrames": {
    "class": "org.openhab.core.items.ManagedItemProvider$PersistedItem",
    "value": {
      "groupNames": [],
      "itemType": "Number",
      "tags": [
        "Status",
        "Presence"
      ],
      "label": "Start Frames",
      "category": ""
    }
  },
  "07VOLTAGEL1N_ValueasNumber": {
    "class": "org.openhab.core.items.ManagedItemProvider$PersistedItem",
    "value": {
      "groupNames": [],
      "itemType": "Number",
      "tags": [
        "Point"
      ],
      "label": "07_VOLTAGE_L1_N",
      "category": ""
    }
  },
  "25_ACTIVE_IMPORT_KWH": {
    "class": "org.openhab.core.items.ManagedItemProvider$PersistedItem",
    "value": {
      "groupNames": [],
      "itemType": "Number",
      "tags": [
        "Point"
      ],
      "label": "25_ACTIVE_IMPORT_KWH",
      "category": ""
    }
  },
  "29FREQUENCY_ValueasNumber": {
    "class": "org.openhab.core.items.ManagedItemProvider$PersistedItem",
    "value": {
      "groupNames": [],
      "itemType": "Number",
      "tags": [
        "Point"
      ],
      "label": "29_FREQUENCY",
      "category": ""
    }
  },
  "29REACTIVEIMPORTKVARH_ValueasNumber": {
    "class": "org.openhab.core.items.ManagedItemProvider$PersistedItem",
    "value": {
      "groupNames": [],
      "itemType": "Number",
      "tags": [
        "Point"
      ],
      "label": "29_REACTIVE_IMPORT_KVARH",
      "category": ""
    }
  },
  "30ACTIVENETL1_ValueasNumber": {
    "class": "org.openhab.core.items.ManagedItemProvider$PersistedItem",
    "value": {
      "groupNames": [],
      "itemType": "Number:Energy",
      "tags": [
        "Point"
      ],
      "label": "30_ACTIVE_NET_L1",
      "category": ""
    }
  },
  "25REACTIVEIMPORTKVARH_ValueasNumber": {
    "class": "org.openhab.core.items.ManagedItemProvider$PersistedItem",
    "value": {
      "groupNames": [],
      "itemType": "Number",
      "tags": [
        "Point"
      ],
      "label": "25_REACTIVE_IMPORT_KVARH",
      "category": ""
    }
  },
  "31PHASEANGLEVOLTAGEL1_ValueasNumber": {
    "class": "org.openhab.core.items.ManagedItemProvider$PersistedItem",
    "value": {
      "groupNames": [],
      "itemType": "Number",
      "tags": [
        "Point"
      ],
      "label": "29_PHASE_ANGLE_VOLTAGE_L1",
      "category": ""
    }
  },
  "27VOLTAGEL1N_ValueasNumber": {
    "class": "org.openhab.core.items.ManagedItemProvider$PersistedItem",
    "value": {
      "groupNames": [],
      "itemType": "Number",
      "tags": [
        "Point"
      ],
      "label": "27_VOLTAGE_L1_N",
      "category": ""
    }
  },
  "31ACTIVENETL1_ValueasNumber": {
    "class": "org.openhab.core.items.ManagedItemProvider$PersistedItem",
    "value": {
      "groupNames": [],
      "itemType": "Number",
      "tags": [
        "Point"
      ],
      "label": "31_ACTIVE_NET_L1",
      "category": ""
    }
  },
  "ZWaveNode004HS2SKZSmartMeteringPlug_Electricmeterwatts": {
    "class": "org.openhab.core.items.ManagedItemProvider$PersistedItem",
    "value": {
      "groupNames": [],
      "itemType": "Number",
      "tags": [
        "Point"
      ],
      "label": "04-Electric meter (watts)",
      "category": "Energy"
    }
  },
  "ZWaveNode006MotionSensor_MotionAlarm": {
    "class": "org.openhab.core.items.ManagedItemProvider$PersistedItem",
    "value": {
      "groupNames": [],
      "itemType": "Switch",
      "tags": [
        "Status",
        "Presence"
      ],
      "label": "Motion Alarm",
      "category": "Motion"
    }
  },
  "13ACTIVEPOWERL1_ValueasNumber": {
    "class": "org.openhab.core.items.ManagedItemProvider$PersistedItem",
    "value": {
      "groupNames": [],
      "itemType": "Number",
      "tags": [
        "Point"
      ],
      "label": "13_ACTIVE_POWER_L1",
      "category": ""
    }
  },
  "SinglePhaseMeter_AverageLineToLineACVoltage": {
    "class": "org.openhab.core.items.ManagedItemProvider$PersistedItem",
    "value": {
      "groupNames": [],
      "itemType": "Number:ElectricPotential",
      "tags": [
        "Point"
      ],
      "label": "Average Line To Line AC Voltage",
      "category": ""
    }
  },
  "29ACTIVEPOWERL1_ValueasNumber": {
    "class": "org.openhab.core.items.ManagedItemProvider$PersistedItem",
    "value": {
      "groupNames": [],
      "itemType": "Number",
      "tags": [
        "Point"
      ],
      "label": "29_ACTIVE_POWER_L1",
      "category": ""
    }
  },
  "30ACTIVEIMPORTKWH_ValueasNumber": {
    "class": "org.openhab.core.items.ManagedItemProvider$PersistedItem",
    "value": {
      "groupNames": [],
      "itemType": "Number",
      "tags": [
        "Point"
      ],
      "label": "30_ACTIVE_IMPORT_KWH",
      "category": ""
    }
  },
  "07ACTIVEPOWERL1_ValueasNumber": {
    "class": "org.openhab.core.items.ManagedItemProvider$PersistedItem",
    "value": {
      "groupNames": [],
      "itemType": "Number",
      "tags": [
        "Point"
      ],
      "label": "07_ACTIVE_POWER_L1",
      "category": ""
    }
  },
  "04VOLTAGEL2N_ValueasNumber": {
    "class": "org.openhab.core.items.ManagedItemProvider$PersistedItem",
    "value": {
      "groupNames": [],
      "itemType": "Number",
      "tags": [
        "Point"
      ],
      "label": "04_VOLTAGE_L2_N",
      "category": ""
    }
  },
  "ZWaveNode006MotionSensor_TamperAlarm": {
    "class": "org.openhab.core.items.ManagedItemProvider$PersistedItem",
    "value": {
      "groupNames": [],
      "itemType": "Switch",
      "tags": [
        "Point"
      ],
      "label": "06-Tamper Alarm",
      "category": ""
    }
  },
  "28FREQUENCY_ValueasNumber": {
    "class": "org.openhab.core.items.ManagedItemProvider$PersistedItem",
    "value": {
      "groupNames": [],
      "itemType": "Number",
      "tags": [
        "Point"
      ],
      "label": "28_FREQUENCY",
      "category": ""
    }
  },
  "04PHASEANGLEVOLTAGEL1_ValueasNumber": {
    "class": "org.openhab.core.items.ManagedItemProvider$PersistedItem",
    "value": {
      "groupNames": [],
      "itemType": "Number",
      "tags": [
        "Point"
      ],
      "label": "04_PHASE_ANGLE_VOLTAGE_L1",
      "category": ""
    }
  },
  "04APARENTIMPORTKVAH_ValueasNumber": {
    "class": "org.openhab.core.items.ManagedItemProvider$PersistedItem",
    "value": {
      "groupNames": [],
      "itemType": "Number",
      "tags": [
        "Point"
      ],
      "label": "04_APARENT_IMPORT_KVAH",
      "category": ""
    }
  },
  "25APARENTIMPORTKVAH_ValueasNumber": {
    "class": "org.openhab.core.items.ManagedItemProvider$PersistedItem",
    "value": {
      "groupNames": [],
      "itemType": "Number",
      "tags": [
        "Point"
      ],
      "label": "25_APARENT_IMPORT_KVAH",
      "category": ""
    }
  },
  "25PHASEANGLEVOLTAGEL1_ValueasNumber": {
    "class": "org.openhab.core.items.ManagedItemProvider$PersistedItem",
    "value": {
      "groupNames": [],
      "itemType": "Number",
      "tags": [
        "Point"
      ],
      "label": "25_PHASE_ANGLE_VOLTAGE_L1",
      "category": ""
    }
  },
  "26PHASEANGLEVOLTAGEL1_ValueasNumber": {
    "class": "org.openhab.core.items.ManagedItemProvider$PersistedItem",
    "value": {
      "groupNames": [],
      "itemType": "Number",
      "tags": [
        "Point"
      ],
      "label": "26_PHASE_ANGLE_VOLTAGE_L1",
      "category": ""
    }
  },
  "28VOLTAGEL2N_ValueasNumber": {
    "class": "org.openhab.core.items.ManagedItemProvider$PersistedItem",
    "value": {
      "groupNames": [],
      "itemType": "Number",
      "tags": [
        "Point"
      ],
      "label": "28_VOLTAGE_L2_N",
      "category": ""
    }
  },
  "ModbusData_LastErroringRead": {
    "class": "org.openhab.core.items.ManagedItemProvider$PersistedItem",
    "value": {
      "groupNames": [],
      "itemType": "DateTime",
      "tags": [
        "Point"
      ],
      "label": "Last Erroring Read",
      "category": ""
    }
  },
  "29PHASEANGLEVOLTAGEL1_ValueasNumber": {
    "class": "org.openhab.core.items.ManagedItemProvider$PersistedItem",
    "value": {
      "groupNames": [],
      "itemType": "Number",
      "tags": [
        "Point"
      ],
      "label": "29_PHASE_ANGLE_VOLTAGE_L1",
      "category": ""
    }
  },
  "31FREQUENCY_ValueasNumber": {
    "class": "org.openhab.core.items.ManagedItemProvider$PersistedItem",
    "value": {
      "groupNames": [],
      "itemType": "Number",
      "tags": [
        "Point"
      ],
      "label": "31_FREQUENCY",
      "category": ""
    }
  },
  "28PHASEANGLEVOLTAGEL1_ValueasNumber": {
    "class": "org.openhab.core.items.ManagedItemProvider$PersistedItem",
    "value": {
      "groupNames": [],
      "itemType": "Number",
      "tags": [
        "Point"
      ],
      "label": "28_PHASE_ANGLE_VOLTAGE_L1",
      "category": ""
    }
  },
  "27PHASEANGLEVOLTAGEL1_ValueasNumber": {
    "class": "org.openhab.core.items.ManagedItemProvider$PersistedItem",
    "value": {
      "groupNames": [],
      "itemType": "Number",
      "tags": [
        "Point"
      ],
      "label": "27_PHASE_ANGLE_VOLTAGE_L1",
      "category": ""
    }
  },
  "04ACTIVEPOWERL1_ValueasNumber": {
    "class": "org.openhab.core.items.ManagedItemProvider$PersistedItem",
    "value": {
      "groupNames": [],
      "itemType": "Number",
      "tags": [
        "Point"
      ],
      "label": "04_ACTIVE_POWER_L1",
      "category": ""
    }
  },
  "13PHASEANGLEVOLTAGEL1_ValueasNumber": {
    "class": "org.openhab.core.items.ManagedItemProvider$PersistedItem",
    "value": {
      "groupNames": [],
      "itemType": "Number",
      "tags": [
        "Point"
      ],
      "label": "13_PHASE_ANGLE_VOLTAGE_L1",
      "category": ""
    }
  },
  "01APARENTIMPORTKVAH_ValueasNumber": {
    "class": "org.openhab.core.items.ManagedItemProvider$PersistedItem",
    "value": {
      "groupNames": [],
      "itemType": "Number",
      "tags": [
        "Point"
      ],
      "label": "01_APARENT_IMPORT_KVAH",
      "category": ""
    }
  },
  "04ACTIVENETL1_ValueasNumber": {
    "class": "org.openhab.core.items.ManagedItemProvider$PersistedItem",
    "value": {
      "groupNames": [],
      "itemType": "Number",
      "tags": [
        "Point"
      ],
      "label": "04_ACTIVE_NET_L1",
      "category": ""
    }
  },
  "27ACTIVEPOWERL1_ValueasNumber": {
    "class": "org.openhab.core.items.ManagedItemProvider$PersistedItem",
    "value": {
      "groupNames": [],
      "itemType": "Number",
      "tags": [
        "Point"
      ],
      "label": "27_ACTIVE_POWER_L1",
      "category": ""
    }
  },
  "10PHASEANGLEVOLTAGEL1_ValueasNumber": {
    "class": "org.openhab.core.items.ManagedItemProvider$PersistedItem",
    "value": {
      "groupNames": [],
      "itemType": "Number",
      "tags": [
        "Point"
      ],
      "label": "10_PHASE_ANGLE_VOLTAGE_L1",
      "category": ""
    }
  },
  "26VOLTAGEL1N_ValueasNumber": {
    "class": "org.openhab.core.items.ManagedItemProvider$PersistedItem",
    "value": {
      "groupNames": [],
      "itemType": "Number",
      "tags": [
        "Point"
      ],
      "label": "26_VOLTAGE_L1_N",
      "category": ""
    }
  },
  "25ACTIVEPOWERL1_ValueasNumber": {
    "class": "org.openhab.core.items.ManagedItemProvider$PersistedItem",
    "value": {
      "groupNames": [],
      "itemType": "Number",
      "tags": [
        "Point"
      ],
      "label": "25_ACTIVE_POWER_L1",
      "category": ""
    }
  },
  "ZWaveSerialController_OOFBytesReceived": {
    "class": "org.openhab.core.items.ManagedItemProvider$PersistedItem",
    "value": {
      "groupNames": [],
      "itemType": "Number",
      "tags": [
        "Point"
      ],
      "label": "OOF Bytes Received",
      "category": ""
    }
  },
  "28ACTIVENETL1_ValueasNumber": {
    "class": "org.openhab.core.items.ManagedItemProvider$PersistedItem",
    "value": {
      "groupNames": [],
      "itemType": "Number",
      "tags": [
        "Point"
      ],
      "label": "28_ACTIVE_NET_L1",
      "category": ""
    }
  },
  "ZWaveNode006Motionsensor_Sensortemperature": {
    "class": "org.openhab.core.items.ManagedItemProvider$PersistedItem",
    "value": {
      "groupNames": [],
      "itemType": "Number:Temperature",
      "tags": [
        "Point"
      ],
      "label": "06-Sensor (temperature)",
      "category": "Temperature"
    }
  },
  "31ACTIVEPOWERL1_ValueasNumber": {
    "class": "org.openhab.core.items.ManagedItemProvider$PersistedItem",
    "value": {
      "groupNames": [],
      "itemType": "Number",
      "tags": [
        "Point"
      ],
      "label": "31_ACTIVE_POWER_L1",
      "category": ""
    }
  },
  "30PHASEANGLEVOLTAGEL1_ValueasNumber": {
    "class": "org.openhab.core.items.ManagedItemProvider$PersistedItem",
    "value": {
      "groupNames": [],
      "itemType": "Number",
      "tags": [
        "Point"
      ],
      "label": "30_PHASE_ANGLE_VOLTAGE_L1",
      "category": ""
    }
  },
  "SinglePhaseMeter_AverageLineToNeutralACVoltage": {
    "class": "org.openhab.core.items.ManagedItemProvider$PersistedItem",
    "value": {
      "groupNames": [],
      "itemType": "Number:ElectricPotential",
      "tags": [
        "Point"
      ],
      "label": "Average Line To Neutral AC Voltage",
      "category": ""
    }
  },
  "30FREQUENCY_ValueasNumber": {
    "class": "org.openhab.core.items.ManagedItemProvider$PersistedItem",
    "value": {
      "groupNames": [],
      "itemType": "Number",
      "tags": [
        "Point"
      ],
      "label": "30_FREQUENCY",
      "category": ""
    }
  },
  "10VOLTAGEL1N_ValueasNumber": {
    "class": "org.openhab.core.items.ManagedItemProvider$PersistedItem",
    "value": {
      "groupNames": [],
      "itemType": "Number",
      "tags": [
        "Point"
      ],
      "label": "10_VOLTAGE_L1_N",
      "category": ""
    }
  },
  "07APARENTIMPORTKVAH_ValueasNumber": {
    "class": "org.openhab.core.items.ManagedItemProvider$PersistedItem",
    "value": {
      "groupNames": [],
      "itemType": "Number",
      "tags": [
        "Point"
      ],
      "label": "07_APARENT_IMPORT_KVAH",
      "category": ""
    }
  },
  "13ACTIVENETL1_ValueasNumber": {
    "class": "org.openhab.core.items.ManagedItemProvider$PersistedItem",
    "value": {
      "groupNames": [],
      "itemType": "Number",
      "tags": [
        "Point"
      ],
      "label": "13_ACTIVE_NET_L1",
      "category": ""
    }
  },
  "ZWaveNode006MotionSensor_Sensorluminance": {
    "class": "org.openhab.core.items.ManagedItemProvider$PersistedItem",
    "value": {
      "groupNames": [],
      "itemType": "Number",
      "tags": [
        "Point"
      ],
      "label": "06-Sensor (luminance)",
      "category": ""
    }
  },
  "ZWaveSerialController_FramesAcknowledged": {
    "class": "org.openhab.core.items.ManagedItemProvider$PersistedItem",
    "value": {
      "groupNames": [],
      "itemType": "Number",
      "tags": [
        "Point"
      ],
      "label": "Frames Acknowledged",
      "category": ""
    }
  },
  "Kitchen": {
    "class": "org.openhab.core.items.ManagedItemProvider$PersistedItem",
    "value": {
      "groupNames": [],
      "itemType": "Group",
      "tags": [
        "Kitchen"
      ],
      "label": "Kitchen",
      "category": ""
    }
  },
  "01ACTIVENETL1_ValueasNumber": {
    "class": "org.openhab.core.items.ManagedItemProvider$PersistedItem",
    "value": {
      "groupNames": [],
      "itemType": "Number",
      "tags": [
        "Point"
      ],
      "label": "01_ACTIVE_NET_L1",
      "category": ""
    }
  },
  "07PHASEANGLEVOLTAGEL1_ValueasNumber": {
    "class": "org.openhab.core.items.ManagedItemProvider$PersistedItem",
    "value": {
      "groupNames": [],
      "itemType": "Number",
      "tags": [
        "Point"
      ],
      "label": "07_PHASE_ANGLE_VOLTAGE_L1",
      "category": ""
    }
  },
  "01PHASEANGLEVOLTAGEL1_ValueasNumber": {
    "class": "org.openhab.core.items.ManagedItemProvider$PersistedItem",
    "value": {
      "groupNames": [],
      "itemType": "Number",
      "tags": [
        "Point"
      ],
      "label": "01_PHASE_ANGLE_VOLTAGE_L1",
      "category": ""
    }
  },
  "25ACTIVENETL1_ValueasNumber": {
    "class": "org.openhab.core.items.ManagedItemProvider$PersistedItem",
    "value": {
      "groupNames": [],
      "itemType": "Number",
      "tags": [
        "Point"
      ],
      "label": "25_ACTIVE_NET_L1",
      "category": ""
    }
  },
  "07FREQUENCY_ValueasNumber": {
    "class": "org.openhab.core.items.ManagedItemProvider$PersistedItem",
    "value": {
      "groupNames": [],
      "itemType": "Number",
      "tags": [
        "Point"
      ],
      "label": "07_FREQUENCY",
      "category": ""
    }
  },
  "29APARENTIMPORTKVAH_ValueasNumber": {
    "class": "org.openhab.core.items.ManagedItemProvider$PersistedItem",
    "value": {
      "groupNames": [],
      "itemType": "Number",
      "tags": [
        "Point"
      ],
      "label": "29_APARENT_IMPORT_KVAH",
      "category": ""
    }
  },
  "25VOLTAGEL1N_ValueasNumber": {
    "class": "org.openhab.core.items.ManagedItemProvider$PersistedItem",
    "value": {
      "groupNames": [],
      "itemType": "Number",
      "tags": [
        "Point"
      ],
      "label": "25_VOLTAGE_L1_N",
      "category": ""
    }
  },
  "04ACTIVEIMPORTKWH_ValueasNumber": {
    "class": "org.openhab.core.items.ManagedItemProvider$PersistedItem",
    "value": {
      "groupNames": [],
      "itemType": "Number",
      "tags": [
        "Point"
      ],
      "label": "04_ACTIVE_IMPORT_KWH",
      "category": ""
    }
  },
  "07ACTIVENETL1_ValueasNumber": {
    "class": "org.openhab.core.items.ManagedItemProvider$PersistedItem",
    "value": {
      "groupNames": [],
      "itemType": "Number",
      "tags": [
        "Point"
      ],
      "label": "07_ACTIVE_NET_L1",
      "category": ""
    }
  },
  "ZWaveNode004HS2SKZSmartMeteringPlug_Switch": {
    "class": "org.openhab.core.items.ManagedItemProvider$PersistedItem",
    "value": {
      "groupNames": [],
      "itemType": "Switch",
      "tags": [
        "Point"
      ],
      "label": "04-Switch",
      "category": "Switch"
    }
  },
  "26APARENTIMPORTKVAH_ValueasNumber": {
    "class": "org.openhab.core.items.ManagedItemProvider$PersistedItem",
    "value": {
      "groupNames": [],
      "itemType": "Number",
      "tags": [
        "Point"
      ],
      "label": "26_APARENT_IMPORT_KVAH",
      "category": ""
    }
  },
  "Washing_Machine": {
    "class": "org.openhab.core.items.ManagedItemProvider$PersistedItem",
    "value": {
      "groupNames": [],
      "itemType": "Number:Energy",
      "tags": [
        "WashingMachine"
      ],
      "label": "Washing_Machine",
      "category": ""
    }
  },
  "04REACTIVEIMPORTKVARH_ValueasNumber": {
    "class": "org.openhab.core.items.ManagedItemProvider$PersistedItem",
    "value": {
      "groupNames": [],
      "itemType": "Number",
      "tags": [
        "Point"
      ],
      "label": "04_REACTIVE_IMPORT_KVARH",
      "category": ""
    }
  },
  "07REACTIVEIMPORTKVARH_ValueasNumber": {
    "class": "org.openhab.core.items.ManagedItemProvider$PersistedItem",
    "value": {
      "groupNames": [],
      "itemType": "Number",
      "tags": [
        "Point"
      ],
      "label": "07_REACTIVE_IMPORT_KVARH",
      "category": ""
    }
  },
  "10ACTIVEIMPORTKWH_ValueasNumber": {
    "class": "org.openhab.core.items.ManagedItemProvider$PersistedItem",
    "value": {
      "groupNames": [],
      "itemType": "Number",
      "tags": [
        "Point"
      ],
      "label": "10_ACTIVE_IMPORT_KWH",
      "category": ""
    }
  },
  "29ACTIVENETL1_ValueasNumber": {
    "class": "org.openhab.core.items.ManagedItemProvider$PersistedItem",
    "value": {
      "groupNames": [],
      "itemType": "Number",
      "tags": [
        "Point"
      ],
      "label": "29_ACTIVE_NET_L1",
      "category": ""
    }
  },
  "25FREQUENCY_ValueasNumber": {
    "class": "org.openhab.core.items.ManagedItemProvider$PersistedItem",
    "value": {
      "groupNames": [],
      "itemType": "Number",
      "tags": [
        "Point"
      ],
      "label": "25_FREQUENCY",
      "category": ""
    }
  },
  "07ACTIVEIMPORTKWH_ValueasNumber": {
    "class": "org.openhab.core.items.ManagedItemProvider$PersistedItem",
    "value": {
      "groupNames": [],
      "itemType": "Number",
      "tags": [
        "Point"
      ],
      "label": "07_ACTIVE_IMPORT_KWH",
      "category": ""
    }
  },
  "27APARENTIMPORTKVAH_ValueasNumber": {
    "class": "org.openhab.core.items.ManagedItemProvider$PersistedItem",
    "value": {
      "groupNames": [],
      "itemType": "Number",
      "tags": [
        "Point"
      ],
      "label": "27_APARENT_IMPORT_KVAH",
      "category": ""
    }
  },
  "SinglePhaseMeter_RealEnergyImported": {
    "class": "org.openhab.core.items.ManagedItemProvider$PersistedItem",
    "value": {
      "groupNames": [],
      "itemType": "Number:Energy",
      "tags": [
        "Point"
      ],
      "label": "Real Energy Imported",
      "category": ""
    }
  },
  "27REACTIVEIMPORTKVARH_ValueasNumber": {
    "class": "org.openhab.core.items.ManagedItemProvider$PersistedItem",
    "value": {
      "groupNames": [],
      "itemType": "Number",
      "tags": [
        "Point"
      ],
      "label": "27_REACTIVE_IMPORT_KVARH",
      "category": ""
    }
  },
  "26ACTIVEIMPORTKWH_ValueasNumber": {
    "class": "org.openhab.core.items.ManagedItemProvider$PersistedItem",
    "value": {
      "groupNames": [],
      "itemType": "Number",
      "tags": [
        "Point"
      ],
      "label": "26_ACTIVE_IMPORT_KWH",
      "category": ""
    }
  },
  "SinglePhaseMeter_TotalRealPowerValue": {
    "class": "org.openhab.core.items.ManagedItemProvider$PersistedItem",
    "value": {
      "groupNames": [],
      "itemType": "Number:Power",
      "tags": [
        "Point"
      ],
      "label": "Total Real Power Value",
      "category": ""
    }
  },
  "07VOLTAGEL2N_ValueasNumber": {
    "class": "org.openhab.core.items.ManagedItemProvider$PersistedItem",
    "value": {
      "groupNames": [],
      "itemType": "Number",
      "tags": [
        "Point"
      ],
      "label": "07_VOLTAGE_L2_N",
      "category": ""
    }
  },
  "28APARENTIMPORTKVAH_ValueasNumber": {
    "class": "org.openhab.core.items.ManagedItemProvider$PersistedItem",
    "value": {
      "groupNames": [],
      "itemType": "Number",
      "tags": [
        "Point"
      ],
      "label": "28_APARENT_IMPORT_KVAH",
      "category": ""
    }
  },
  "13ACTIVEIMPORTKWH_ValueasNumber": {
    "class": "org.openhab.core.items.ManagedItemProvider$PersistedItem",
    "value": {
      "groupNames": [],
      "itemType": "Number",
      "tags": [
        "Point"
      ],
      "label": "13ACTIVEIMPORTKWH",
      "category": ""
    }
  },
  "04VOLTAGEL1N_ValueasNumber": {
    "class": "org.openhab.core.items.ManagedItemProvider$PersistedItem",
    "value": {
      "groupNames": [],
      "itemType": "Number",
      "tags": [
        "Point"
      ],
      "label": "04_VOLTAGE_L1_N",
      "category": ""
    }
  },
  "ModbusData_LastSuccessfulRead": {
    "class": "org.openhab.core.items.ManagedItemProvider$PersistedItem",
    "value": {
      "groupNames": [],
      "itemType": "DateTime",
      "tags": [
        "Point"
      ],
      "label": "Last Successful Read",
      "category": ""
    }
  },
  "29ACTIVEIMPORTKWH_ValueasNumber": {
    "class": "org.openhab.core.items.ManagedItemProvider$PersistedItem",
    "value": {
      "groupNames": [],
      "itemType": "Number",
      "tags": [
        "Point"
      ],
      "label": "29_ACTIVE_IMPORT_KWH",
      "category": ""
    }
  },
  "27VOLTAGEL2N_ValueasNumber": {
    "class": "org.openhab.core.items.ManagedItemProvider$PersistedItem",
    "value": {
      "groupNames": [],
      "itemType": "Number",
      "tags": [
        "Point"
      ],
      "label": "27_VOLTAGE_L2_N",
      "category": ""
    }
  },
  "10ACTIVEPOWERL1_ValueasNumber": {
    "class": "org.openhab.core.items.ManagedItemProvider$PersistedItem",
    "value": {
      "groupNames": [],
      "itemType": "Number",
      "tags": [
        "Point"
      ],
      "label": "10_ACTIVE_POWER_L1",
      "category": ""
    }
  },
  "01FREQUENCY_ValueasNumber": {
    "class": "org.openhab.core.items.ManagedItemProvider$PersistedItem",
    "value": {
      "groupNames": [],
      "itemType": "Number",
      "tags": [
        "Point"
      ],
      "label": "01_FREQUENCY",
      "category": ""
    }
  }
}