<node>
  <homeId>0xf2d860e8</homeId>
  <nodeId>6</nodeId>
  <version>4</version>
  <manufacturer>0x10f</manufacturer>
  <deviceId>0x1002</deviceId>
  <deviceType>0x801</deviceType>
  <listening>false</listening>
  <frequentlyListening>false</frequentlyListening>
  <routing>true</routing>
  <security>false</security>
  <beaming>true</beaming>
  <maxBaudRate>40000</maxBaudRate>
  <sleepDelay>1000</sleepDelay>
  <nodeInformationFrame>
    <commandClass>COMMAND_CLASS_ZWAVEPLUS_INFO</commandClass>
    <commandClass>COMMAND_CLASS_VERSION</commandClass>
    <commandClass>COMMAND_CLASS_MANUFACTURER_SPECIFIC</commandClass>
    <commandClass>COMMAND_CLASS_DEVICE_RESET_LOCALLY</commandClass>
    <commandClass>COMMAND_CLASS_ASSOCIATION_GRP_INFO</commandClass>
    <commandClass>COMMAND_CLASS_ASSOCIATION</commandClass>
    <commandClass>COMMAND_CLASS_POWERLEVEL</commandClass>
    <commandClass>COMMAND_CLASS_WAKE_UP</commandClass>
    <commandClass>COMMAND_CLASS_BATTERY</commandClass>
    <commandClass>COMMAND_CLASS_ALARM</commandClass>
    <commandClass>COMMAND_CLASS_CRC_16_ENCAP</commandClass>
    <commandClass>COMMAND_CLASS_CONFIGURATION</commandClass>
    <commandClass>COMMAND_CLASS_SENSOR_MULTILEVEL</commandClass>
    <commandClass>COMMAND_CLASS_MULTI_CHANNEL_ASSOCIATION</commandClass>
    <commandClass>COMMAND_CLASS_APPLICATION_STATUS</commandClass>
    <commandClass>COMMAND_CLASS_SENSOR_BINARY</commandClass>
    <commandClass>COMMAND_CLASS_SENSOR_ALARM</commandClass>
    <commandClass>COMMAND_CLASS_SECURITY</commandClass>
    <commandClass>COMMAND_CLASS_FIRMWARE_UPDATE_MD</commandClass>
  </nodeInformationFrame>
  <associationGroups class="concurrent-hash-map">
    <entry>
      <int>1</int>
      <associationGroup>
        <index>1</index>
        <maxNodes>0</maxNodes>
        <name>Lifeline</name>
        <profile1>0x0</profile1>
        <profile2>0x1</profile2>
        <commands>
          <commandClass>COMMAND_CLASS_BATTERY</commandClass>
          <commandClass>COMMAND_CLASS_SENSOR_MULTILEVEL</commandClass>
          <commandClass>COMMAND_CLASS_DEVICE_RESET_LOCALLY</commandClass>
          <commandClass>COMMAND_CLASS_ALARM</commandClass>
        </commands>
        <associations>
          <associationMember>
            <node>1</node>
          </associationMember>
        </associations>
      </associationGroup>
    </entry>
    <entry>
      <int>2</int>
      <associationGroup>
        <index>2</index>
        <maxNodes>0</maxNodes>
        <name>Motion</name>
        <profile1>0x71</profile1>
        <profile2>0x7</profile2>
        <commands>
          <commandClass>COMMAND_CLASS_BASIC</commandClass>
        </commands>
        <associations/>
      </associationGroup>
    </entry>
    <entry>
      <int>3</int>
      <associationGroup>
        <index>3</index>
        <maxNodes>0</maxNodes>
        <name>Tamper</name>
        <profile1>0x71</profile1>
        <profile2>0x7</profile2>
        <commands>
          <commandClass>COMMAND_CLASS_ALARM</commandClass>
        </commands>
        <associations/>
      </associationGroup>
    </entry>
    <entry>
      <int>4</int>
      <associationGroup>
        <index>4</index>
        <maxNodes>0</maxNodes>
        <name>Motion BC</name>
        <profile1>0x71</profile1>
        <profile2>0x7</profile2>
        <commands>
          <commandClass>COMMAND_CLASS_SENSOR_BINARY</commandClass>
        </commands>
        <associations/>
      </associationGroup>
    </entry>
    <entry>
      <int>5</int>
      <associationGroup>
        <index>5</index>
        <maxNodes>0</maxNodes>
        <name>Tamper BC</name>
        <profile1>0x71</profile1>
        <profile2>0x7</profile2>
        <commands>
          <commandClass>COMMAND_CLASS_SENSOR_ALARM</commandClass>
        </commands>
        <associations/>
      </associationGroup>
    </entry>
  </associationGroups>
  <endpoints class="concurrent-hash-map">
    <entry>
      <int>0</int>
      <endPoint>
        <deviceClass>
          <basicDeviceClass>BASIC_TYPE_ROUTING_SLAVE</basicDeviceClass>
          <genericDeviceClass>GENERIC_TYPE_SENSOR_NOTIFICATION</genericDeviceClass>
          <specificDeviceClass>SPECIFIC_TYPE_NOTIFICATION_SENSOR</specificDeviceClass>
        </deviceClass>
        <endpointId>0</endpointId>
        <secureCommandClasses/>
        <supportedCommandClasses class="concurrent-hash-map">
          <entry>
            <commandClass>COMMAND_CLASS_SENSOR_ALARM</commandClass>
            <COMMAND__CLASS__SENSOR__ALARM>
              <version>1</version>
              <instances>1</instances>
              <control>false</control>
              <versionSupported>1</versionSupported>
              <alarms>
                <entry>
                  <alarmSensorType>GENERAL</alarmSensorType>
                  <alarmSensor>
                    <alarmType>GENERAL</alarmType>
                  </alarmSensor>
                </entry>
              </alarms>
              <isGetSupported>true</isGetSupported>
              <isSupportedGetSupported>true</isSupportedGetSupported>
            </COMMAND__CLASS__SENSOR__ALARM>
          </entry>
          <entry>
            <commandClass>COMMAND_CLASS_ASSOCIATION_GRP_INFO</commandClass>
            <COMMAND__CLASS__ASSOCIATION__GRP__INFO>
              <version>1</version>
              <instances>1</instances>
              <control>false</control>
              <versionSupported>1</versionSupported>
              <autoSubscribeGroups>
                <int>1</int>
                <int>3</int>
                <int>4</int>
                <int>5</int>
              </autoSubscribeGroups>
            </COMMAND__CLASS__ASSOCIATION__GRP__INFO>
          </entry>
          <entry>
            <commandClass>COMMAND_CLASS_BASIC</commandClass>
            <COMMAND__CLASS__BASIC>
              <version>1</version>
              <instances>1</instances>
              <control>false</control>
              <versionSupported>1</versionSupported>
              <isGetSupported>true</isGetSupported>
            </COMMAND__CLASS__BASIC>
          </entry>
          <entry>
            <commandClass>COMMAND_CLASS_NO_OPERATION</commandClass>
            <COMMAND__CLASS__NO__OPERATION>
              <version>1</version>
              <instances>1</instances>
              <control>false</control>
              <versionSupported>1</versionSupported>
            </COMMAND__CLASS__NO__OPERATION>
          </entry>
          <entry>
            <commandClass>COMMAND_CLASS_SENSOR_BINARY</commandClass>
            <COMMAND__CLASS__SENSOR__BINARY>
              <version>1</version>
              <instances>1</instances>
              <control>false</control>
              <versionSupported>1</versionSupported>
              <isGetSupported>true</isGetSupported>
              <types/>
            </COMMAND__CLASS__SENSOR__BINARY>
          </entry>
          <entry>
            <commandClass>COMMAND_CLASS_CONFIGURATION</commandClass>
            <COMMAND__CLASS__CONFIGURATION>
              <version>1</version>
              <instances>1</instances>
              <control>false</control>
              <versionSupported>1</versionSupported>
              <configParameters>
                <entry>
                  <int>64</int>
                  <configurationParameter>
                    <index>64</index>
                    <size>2</size>
                    <value>0</value>
                    <readOnly>false</readOnly>
                    <writeOnly>false</writeOnly>
                  </configurationParameter>
                </entry>
                <entry>
                  <int>1</int>
                  <configurationParameter>
                    <index>1</index>
                    <size>2</size>
                    <value>8</value>
                    <readOnly>false</readOnly>
                    <writeOnly>false</writeOnly>
                  </configurationParameter>
                </entry>
                <entry>
                  <int>2</int>
                  <configurationParameter>
                    <index>2</index>
                    <size>1</size>
                    <value>1</value>
                    <readOnly>false</readOnly>
                    <writeOnly>false</writeOnly>
                  </configurationParameter>
                </entry>
                <entry>
                  <int>66</int>
                  <configurationParameter>
                    <index>66</index>
                    <size>2</size>
                    <value>0</value>
                    <readOnly>false</readOnly>
                    <writeOnly>false</writeOnly>
                  </configurationParameter>
                </entry>
                <entry>
                  <int>3</int>
                  <configurationParameter>
                    <index>3</index>
                    <size>1</size>
                    <value>1</value>
                    <readOnly>false</readOnly>
                    <writeOnly>false</writeOnly>
                  </configurationParameter>
                </entry>
                <entry>
                  <int>4</int>
                  <configurationParameter>
                    <index>4</index>
                    <size>1</size>
                    <value>2</value>
                    <readOnly>false</readOnly>
                    <writeOnly>false</writeOnly>
                  </configurationParameter>
                </entry>
                <entry>
                  <int>6</int>
                  <configurationParameter>
                    <index>6</index>
                    <size>2</size>
                    <value>30</value>
                    <readOnly>false</readOnly>
                    <writeOnly>false</writeOnly>
                  </configurationParameter>
                </entry>
                <entry>
                  <int>8</int>
                  <configurationParameter>
                    <index>8</index>
                    <size>1</size>
                    <value>0</value>
                    <readOnly>false</readOnly>
                    <writeOnly>false</writeOnly>
                  </configurationParameter>
                </entry>
                <entry>
                  <int>9</int>
                  <configurationParameter>
                    <index>9</index>
                    <size>2</size>
                    <value>200</value>
                    <readOnly>false</readOnly>
                    <writeOnly>false</writeOnly>
                  </configurationParameter>
                </entry>
                <entry>
                  <int>12</int>
                  <configurationParameter>
                    <index>12</index>
                    <size>1</size>
                    <value>0</value>
                    <readOnly>false</readOnly>
                    <writeOnly>false</writeOnly>
                  </configurationParameter>
                </entry>
                <entry>
                  <int>14</int>
                  <configurationParameter>
                    <index>14</index>
                    <size>2</size>
                    <value>255</value>
                    <readOnly>false</readOnly>
                    <writeOnly>false</writeOnly>
                  </configurationParameter>
                </entry>
                <entry>
                  <int>16</int>
                  <configurationParameter>
                    <index>16</index>
                    <size>2</size>
                    <value>0</value>
                    <readOnly>false</readOnly>
                    <writeOnly>false</writeOnly>
                  </configurationParameter>
                </entry>
                <entry>
                  <int>80</int>
                  <configurationParameter>
                    <index>80</index>
                    <size>1</size>
                    <value>10</value>
                    <readOnly>false</readOnly>
                    <writeOnly>false</writeOnly>
                  </configurationParameter>
                </entry>
                <entry>
                  <int>81</int>
                  <configurationParameter>
                    <index>81</index>
                    <size>1</size>
                    <value>50</value>
                    <readOnly>false</readOnly>
                    <writeOnly>false</writeOnly>
                  </configurationParameter>
                </entry>
                <entry>
                  <int>18</int>
                  <configurationParameter>
                    <index>18</index>
                    <size>1</size>
                    <value>15</value>
                    <readOnly>false</readOnly>
                    <writeOnly>false</writeOnly>
                  </configurationParameter>
                </entry>
                <entry>
                  <int>82</int>
                  <configurationParameter>
                    <index>82</index>
                    <size>2</size>
                    <value>100</value>
                    <readOnly>false</readOnly>
                    <writeOnly>false</writeOnly>
                  </configurationParameter>
                </entry>
                <entry>
                  <int>83</int>
                  <configurationParameter>
                    <index>83</index>
                    <size>2</size>
                    <value>1000</value>
                    <readOnly>false</readOnly>
                    <writeOnly>false</writeOnly>
                  </configurationParameter>
                </entry>
                <entry>
                  <int>20</int>
                  <configurationParameter>
                    <index>20</index>
                    <size>1</size>
                    <value>20</value>
                    <readOnly>false</readOnly>
                    <writeOnly>false</writeOnly>
                  </configurationParameter>
                </entry>
                <entry>
                  <int>22</int>
                  <configurationParameter>
                    <index>22</index>
                    <size>2</size>
                    <value>30</value>
                    <readOnly>false</readOnly>
                    <writeOnly>false</writeOnly>
                  </configurationParameter>
                </entry>
                <entry>
                  <int>86</int>
                  <configurationParameter>
                    <index>86</index>
                    <size>2</size>
                    <value>18</value>
                    <readOnly>false</readOnly>
                    <writeOnly>false</writeOnly>
                  </configurationParameter>
                </entry>
                <entry>
                  <int>87</int>
                  <configurationParameter>
                    <index>87</index>
                    <size>2</size>
                    <value>28</value>
                    <readOnly>false</readOnly>
                    <writeOnly>false</writeOnly>
                  </configurationParameter>
                </entry>
                <entry>
                  <int>24</int>
                  <configurationParameter>
                    <index>24</index>
                    <size>1</size>
                    <value>0</value>
                    <readOnly>false</readOnly>
                    <writeOnly>false</writeOnly>
                  </configurationParameter>
                </entry>
                <entry>
                  <int>25</int>
                  <configurationParameter>
                    <index>25</index>
                    <size>1</size>
                    <value>1</value>
                    <readOnly>false</readOnly>
                    <writeOnly>false</writeOnly>
                  </configurationParameter>
                </entry>
                <entry>
                  <int>89</int>
                  <configurationParameter>
                    <index>89</index>
                    <size>1</size>
                    <value>1</value>
                    <readOnly>false</readOnly>
                    <writeOnly>false</writeOnly>
                  </configurationParameter>
                </entry>
                <entry>
                  <int>28</int>
                  <configurationParameter>
                    <index>28</index>
                    <size>1</size>
                    <value>0</value>
                    <readOnly>false</readOnly>
                    <writeOnly>false</writeOnly>
                  </configurationParameter>
                </entry>
                <entry>
                  <int>29</int>
                  <configurationParameter>
                    <index>29</index>
                    <size>1</size>
                    <value>0</value>
                    <readOnly>false</readOnly>
                    <writeOnly>false</writeOnly>
                  </configurationParameter>
                </entry>
                <entry>
                  <int>40</int>
                  <configurationParameter>
                    <index>40</index>
                    <size>2</size>
                    <value>200</value>
                    <readOnly>false</readOnly>
                    <writeOnly>false</writeOnly>
                  </configurationParameter>
                </entry>
                <entry>
                  <int>42</int>
                  <configurationParameter>
                    <index>42</index>
                    <size>2</size>
                    <value>3600</value>
                    <readOnly>false</readOnly>
                    <writeOnly>false</writeOnly>
                  </configurationParameter>
                </entry>
                <entry>
                  <int>60</int>
                  <configurationParameter>
                    <index>60</index>
                    <size>2</size>
                    <value>10</value>
                    <readOnly>false</readOnly>
                    <writeOnly>false</writeOnly>
                  </configurationParameter>
                </entry>
                <entry>
                  <int>62</int>
                  <configurationParameter>
                    <index>62</index>
                    <size>2</size>
                    <value>900</value>
                    <readOnly>false</readOnly>
                    <writeOnly>false</writeOnly>
                  </configurationParameter>
                </entry>
              </configParameters>
            </COMMAND__CLASS__CONFIGURATION>
          </entry>
          <entry>
            <commandClass>COMMAND_CLASS_SECURITY</commandClass>
            <COMMAND__CLASS__SECURITY>
              <version>1</version>
              <instances>1</instances>
              <control>false</control>
              <versionSupported>1</versionSupported>
            </COMMAND__CLASS__SECURITY>
          </entry>
          <entry>
            <commandClass>COMMAND_CLASS_CRC_16_ENCAP</commandClass>
            <COMMAND__CLASS__CRC__16__ENCAP>
              <version>1</version>
              <instances>1</instances>
              <control>false</control>
              <versionSupported>1</versionSupported>
            </COMMAND__CLASS__CRC__16__ENCAP>
          </entry>
          <entry>
            <commandClass>COMMAND_CLASS_MANUFACTURER_SPECIFIC</commandClass>
            <COMMAND__CLASS__MANUFACTURER__SPECIFIC>
              <version>1</version>
              <instances>1</instances>
              <control>false</control>
              <versionSupported>2</versionSupported>
              <initSerialNumber>false</initSerialNumber>
              <deviceManufacturer>271</deviceManufacturer>
              <deviceType>2049</deviceType>
              <deviceId>4098</deviceId>
            </COMMAND__CLASS__MANUFACTURER__SPECIFIC>
          </entry>
          <entry>
            <commandClass>COMMAND_CLASS_FIRMWARE_UPDATE_MD</commandClass>
            <COMMAND__CLASS__FIRMWARE__UPDATE__MD>
              <version>1</version>
              <instances>1</instances>
              <control>false</control>
              <versionSupported>3</versionSupported>
            </COMMAND__CLASS__FIRMWARE__UPDATE__MD>
          </entry>
          <entry>
            <commandClass>COMMAND_CLASS_DEVICE_RESET_LOCALLY</commandClass>
            <COMMAND__CLASS__DEVICE__RESET__LOCALLY>
              <version>1</version>
              <instances>1</instances>
              <control>false</control>
              <versionSupported>1</versionSupported>
            </COMMAND__CLASS__DEVICE__RESET__LOCALLY>
          </entry>
          <entry>
            <commandClass>COMMAND_CLASS_POWERLEVEL</commandClass>
            <COMMAND__CLASS__POWERLEVEL>
              <version>1</version>
              <instances>1</instances>
              <control>false</control>
              <versionSupported>1</versionSupported>
              <powerLevel>0</powerLevel>
              <powerTimeout>0</powerTimeout>
            </COMMAND__CLASS__POWERLEVEL>
          </entry>
          <entry>
            <commandClass>COMMAND_CLASS_APPLICATION_STATUS</commandClass>
            <COMMAND__CLASS__APPLICATION__STATUS>
              <version>1</version>
              <instances>1</instances>
              <control>false</control>
              <versionSupported>1</versionSupported>
            </COMMAND__CLASS__APPLICATION__STATUS>
          </entry>
          <entry>
            <commandClass>COMMAND_CLASS_VERSION</commandClass>
            <COMMAND__CLASS__VERSION>
              <version>2</version>
              <instances>1</instances>
              <control>false</control>
              <versionSupported>2</versionSupported>
              <libraryType>LIB_SLAVE_ENHANCED</libraryType>
              <protocolVersion>4.24</protocolVersion>
              <applicationVersion>3.3</applicationVersion>
              <hardwareVersion>1</hardwareVersion>
            </COMMAND__CLASS__VERSION>
          </entry>
          <entry>
            <commandClass>COMMAND_CLASS_BATTERY</commandClass>
            <COMMAND__CLASS__BATTERY>
              <version>1</version>
              <instances>1</instances>
              <control>false</control>
              <versionSupported>1</versionSupported>
              <batteryLevel>100</batteryLevel>
              <batteryLow>false</batteryLow>
              <isGetSupported>true</isGetSupported>
            </COMMAND__CLASS__BATTERY>
          </entry>
          <entry>
            <commandClass>COMMAND_CLASS_ZWAVEPLUS_INFO</commandClass>
            <COMMAND__CLASS__ZWAVEPLUS__INFO>
              <version>1</version>
              <instances>1</instances>
              <control>false</control>
              <versionSupported>2</versionSupported>
              <zwPlusVersion>1</zwPlusVersion>
              <zwPlusRole>ROLE_TYPE_SLAVE_SLEEPING_REPORTING</zwPlusRole>
              <zwPlusNodeType>NODE_TYPE_ZWAVEPLUS_NODE</zwPlusNodeType>
              <isGetSupported>true</isGetSupported>
            </COMMAND__CLASS__ZWAVEPLUS__INFO>
          </entry>
          <entry>
            <commandClass>COMMAND_CLASS_MULTI_CHANNEL_ASSOCIATION</commandClass>
            <COMMAND__CLASS__MULTI__CHANNEL__ASSOCIATION>
              <version>2</version>
              <instances>1</instances>
              <control>false</control>
              <versionSupported>2</versionSupported>
              <maxGroups>5</maxGroups>
            </COMMAND__CLASS__MULTI__CHANNEL__ASSOCIATION>
          </entry>
          <entry>
            <commandClass>COMMAND_CLASS_SENSOR_MULTILEVEL</commandClass>
            <COMMAND__CLASS__SENSOR__MULTILEVEL>
              <version>8</version>
              <instances>1</instances>
              <control>false</control>
              <versionSupported>8</versionSupported>
              <sensors>
                <entry>
                  <multilevelSensorType>ACCELERATION_X</multilevelSensorType>
                  <multilevelSensor>
                    <sensorType>ACCELERATION_X</sensorType>
                    <initialised>true</initialised>
                  </multilevelSensor>
                </entry>
                <entry>
                  <multilevelSensorType>ACCELERATION_Y</multilevelSensorType>
                  <multilevelSensor>
                    <sensorType>ACCELERATION_Y</sensorType>
                    <initialised>true</initialised>
                  </multilevelSensor>
                </entry>
                <entry>
                  <multilevelSensorType>TEMPERATURE</multilevelSensorType>
                  <multilevelSensor>
                    <sensorType>TEMPERATURE</sensorType>
                    <initialised>true</initialised>
                  </multilevelSensor>
                </entry>
                <entry>
                  <multilevelSensorType>SEISMIC_INTENSITY</multilevelSensorType>
                  <multilevelSensor>
                    <sensorType>SEISMIC_INTENSITY</sensorType>
                    <initialised>true</initialised>
                  </multilevelSensor>
                </entry>
                <entry>
                  <multilevelSensorType>ACCELERATION_Z</multilevelSensorType>
                  <multilevelSensor>
                    <sensorType>ACCELERATION_Z</sensorType>
                    <initialised>true</initialised>
                  </multilevelSensor>
                </entry>
                <entry>
                  <multilevelSensorType>LUMINANCE</multilevelSensorType>
                  <multilevelSensor>
                    <sensorType>LUMINANCE</sensorType>
                    <initialised>true</initialised>
                  </multilevelSensor>
                </entry>
              </sensors>
              <isGetSupported>true</isGetSupported>
            </COMMAND__CLASS__SENSOR__MULTILEVEL>
          </entry>
          <entry>
            <commandClass>COMMAND_CLASS_ASSOCIATION</commandClass>
            <COMMAND__CLASS__ASSOCIATION>
              <version>2</version>
              <instances>1</instances>
              <control>false</control>
              <versionSupported>2</versionSupported>
              <maxGroups>5</maxGroups>
            </COMMAND__CLASS__ASSOCIATION>
          </entry>
          <entry>
            <commandClass>COMMAND_CLASS_WAKE_UP</commandClass>
            <COMMAND__CLASS__WAKE__UP>
              <version>2</version>
              <instances>1</instances>
              <control>false</control>
              <versionSupported>2</versionSupported>
              <targetNodeId>1</targetNodeId>
              <interval>7200</interval>
              <minInterval>1</minInterval>
              <maxInterval>65535</maxInterval>
              <defaultInterval>7200</defaultInterval>
              <intervalStep>1</intervalStep>
              <isGetSupported>true</isGetSupported>
            </COMMAND__CLASS__WAKE__UP>
          </entry>
          <entry>
            <commandClass>COMMAND_CLASS_ALARM</commandClass>
            <COMMAND__CLASS__ALARM>
              <version>5</version>
              <instances>1</instances>
              <control>false</control>
              <versionSupported>5</versionSupported>
              <alarms>
                <entry>
                  <alarmType>BURGLAR</alarmType>
                  <alarmState>
                    <alarmType>BURGLAR</alarmType>
                    <reportedEvents>
                      <int>3</int>
                      <int>8</int>
                    </reportedEvents>
                    <outer-class reference="../../../.."/>
                  </alarmState>
                </entry>
              </alarms>
              <v1Supported>true</v1Supported>
              <isGetSupported>true</isGetSupported>
            </COMMAND__CLASS__ALARM>
          </entry>
        </supportedCommandClasses>
      </endPoint>
    </entry>
  </endpoints>
  <nodeNeighbors>
    <int>1</int>
    <int>4</int>
  </nodeNeighbors>
  <lastReceived>2021-08-26 00:44:29.939 UTC</lastReceived>
</node>